seriesuid,coordX,coordY,coordZ,probability
LKDS-01004,-91.55846450419415,-83.30799752692042,178.64587394085243,0.7169023775951658
LKDS-01004,-69.62704791528022,-73.35460862544316,156.64587394085243,0.8674118410113714
LKDS-01005,136.79211882913918,188.31341913974626,-331.4541260591476,0.4086186843345492
LKDS-01005,-45.6306084435881,219.3225100488372,-513.9541260591476,0.8006373998751172
LKDS-01005,-70.95788117086083,178.80627628260345,-385.9541260591476,0.4790059186249901
LKDS-01005,-65.57038117086083,101.15091913974625,-377.4541260591476,0.6115721024304558
LKDS-01009,-33.28873972914359,-145.26740573477744,-9.35412605914759,0.9051663435727287
LKDS-01009,-25.249658948638675,-107.2228030824759,16.14587394085241,0.2363241255842906
LKDS-01009,-94.05313117086085,-115.93183086025375,18.64587394085241,0.6621854196551702
LKDS-01009,-49.796881170860836,-66.15058086025373,113.64587394085241,0.12071736394331803
LKDS-01009,-54.84807164705133,-163.13677133644416,130.14587394085243,0.5859923783835367
LKDS-01009,-129.03854783752752,-138.9672475269204,217.54587394085243,0.1780864727725514
LKDS-01011,-92.6749922819719,-6.896914193587102,1649.7358739408521,0.7862466862363877
LKDS-01011,-10.896105428085063,-27.322880819553703,1647.7358739408521,0.1231178085051406
LKDS-01013,36.65616644818676,189.02460961593673,-485.4541260591476,0.18851085151449787
LKDS-01013,51.49211882913918,232.83841913974626,-398.9541260591476,0.4311741746693779
LKDS-01013,-43.22210195008162,210.62322433455145,-478.4541260591476,0.2669999673901261
LKDS-01014,93.38453174385013,-77.679940834113,106.44587394085241,0.8133052942385205
LKDS-01014,48.61695746762488,-121.70024065144294,-80.05412605914756,0.8236215469469557
LKDS-01014,37.294790195460116,-153.11153930891706,-76.05412605914756,0.9147697181069118
LKDS-01014,62.75314990113136,-147.63874199961728,-48.51412605914757,0.8246221367415384
LKDS-01014,61.19879041825673,-87.42435340329807,-24.05412605914758,0.9599430849714342
LKDS-01014,-103.47649929137889,-87.70447136936649,-25.05412605914758,0.9034319212598863
LKDS-01014,63.33433844664351,-125.36322946176149,-34.67412605914758,0.810037668270859
LKDS-01014,-109.13905839964707,-182.87434287398375,21.445873940852422,0.8381217675636141
LKDS-01014,69.41374717166894,-200.7968806764328,46.44587394085242,0.7965666609237521
LKDS-01014,74.59399484441087,-164.02333848854371,52.44587394085242,0.8371403770873873
LKDS-01014,97.97170320405931,-178.68807625502882,99.44587394085241,0.7913519101569979
LKDS-01014,-98.79881502957177,-138.18528749314615,-11.05412605914758,0.8081902355515224
LKDS-01021,58.857676927679336,-119.23988286313323,65.14587394085241,0.9729718788362142
LKDS-01021,-66.13001993270733,-138.0812961197103,-64.85412605914759,0.8316213313635782
LKDS-01021,56.47661084474886,-209.46707316315783,-89.85412605914759,0.34844358171654355
LKDS-01023,-38.87050940472778,23.911577710958277,46.64587394085241,0.8848458817167344
LKDS-01023,-25.382881170860824,41.58841913974626,50.14587394085241,0.21233753895601581
LKDS-01023,-60.841214504194134,24.79675247307957,53.14587394085241,0.6014523794813218
LKDS-01023,-52.38288117086082,17.72841913974624,58.64587394085241,0.40768154041590343
LKDS-01023,-35.234334162313814,54.1940601653873,106.64587394085241,0.5049738750421268
LKDS-01023,-45.6356084435881,57.235691867019035,106.64587394085241,0.7533237825396917
LKDS-01023,-20.132881170860824,40.67175247307957,108.64587394085241,0.1670698849422993
LKDS-01023,82.95497987393586,44.03916308999165,119.14587394085241,0.9468285730047288
LKDS-01023,-18.507881170860824,23.088419139746257,114.14587394085241,0.1590870792443041
LKDS-01023,-84.43288117086082,-85.06158086025376,154.14587394085243,0.38270360427398764
LKDS-01023,-56.152549003028675,67.59016739149449,243.14587394085243,0.19788182433081292
LKDS-01025,26.64378549580582,-93.71824752692044,-47.35412605914759,0.1528352679390596
LKDS-01025,-64.7414205438523,-116.53147126228599,41.64587394085241,0.516019391407231
LKDS-01026,37.56711882913917,40.38841913974627,25.14587394085241,0.14915550266710537
LKDS-01026,-23.612957623438344,64.10743528614276,53.18433547931395,0.8002376248998704
LKDS-01026,78.21711882913917,-45.91158086025374,50.64587394085241,0.12101391169354316
LKDS-01026,87.34211882913917,24.588419139746257,19.14587394085241,0.1610083371960383
LKDS-01026,-42.08025239207657,83.85508262332145,66.64587394085241,0.23231751781585427
LKDS-01026,-61.75935175909614,79.02993174478827,86.64587394085241,0.14149315840882676
LKDS-01026,135.26475114586412,0.6209481223502478,126.14587394085241,0.5906209505826164
LKDS-01026,-86.33645259943226,-28.911580860253743,141.14587394085243,0.23066481026311003
LKDS-01029,-22.01188207059533,-116.04419663424785,-248.35412605914757,0.3895249075919318
LKDS-01029,-81.32378593276562,-108.71677133644418,-218.35412605914757,0.6288632741136613
LKDS-01029,-80.18125112467986,-151.755274685248,-210.35412605914757,0.8393945982618394
LKDS-01029,-46.71188117086084,-183.26915228882518,-164.85412605914757,0.21885958799685984
LKDS-01029,85.62978549580576,-79.48224752692043,-156.35412605914757,0.4157740662020043
LKDS-01029,-40.286881170860845,-99.56558086025375,-295.8541260591476,0.3706035095516107
LKDS-01029,31.463118829139145,-163.56558086025373,-262.3541260591476,0.22769029613798805
LKDS-01030,-65.71621450419414,213.92175247307958,611.2458739408524,0.2742214075538776
LKDS-01030,106.54275235740421,189.4632640803807,576.7458739408524,0.7395578315420213
LKDS-01030,84.54514338622775,182.14927423065066,565.7458739408524,0.316430139258683
LKDS-01030,-61.88288117086082,135.25508580641292,458.74587394085245,0.5913581077155069
LKDS-01032,-104.95075296573262,129.98329093461805,74.97587394085241,0.568110759777817
LKDS-01032,-109.83575130073096,196.07932823065534,60.47587394085241,0.7316464739272921
LKDS-01032,92.86882745384777,204.33113475746188,54.97587394085241,0.37507678681578194
LKDS-01032,-66.78954750452718,133.26079676212385,17.47587394085241,0.12631934994425326
LKDS-01032,22.408801368821717,128.68127628260342,-5.0241260591475925,0.24145499957732974
LKDS-01032,-47.45032561530529,215.67730802863517,-24.02412605914759,0.21446226691834744
LKDS-01032,42.51702016990118,197.87547516805586,-11.524126059147592,0.5421779229140873
LKDS-01032,63.391422580007294,202.65258096291436,-29.52412605914759,0.9079340190254909
LKDS-01032,-67.71241203679573,155.1279948504133,-34.02412605914759,0.262554792784644
LKDS-01032,63.04967438469476,185.14397469530186,-37.52412605914759,0.20092449657419606
LKDS-01032,24.7024521624725,204.21341913974626,-66.52412605914759,0.1269002271133921
LKDS-01032,79.71634105136141,200.86619691752412,-30.52412605914759,0.39127026487356376
LKDS-01034,-90.88288117086083,206.08841913974626,-320.25412605914755,0.7875382063021191
LKDS-01034,36.700452162472466,177.42175247307958,-468.25412605914755,0.18022205136723932
LKDS-01034,-34.374989062968694,197.2010065523337,-431.75412605914755,0.8148248285614711
LKDS-01034,-95.98288117086082,165.28841913974625,-389.25412605914755,0.5135664798051048
LKDS-01034,-75.1606589486386,122.64397469530181,-344.75412605914755,0.4692130874160192
LKDS-01034,-103.12692878990845,185.68365723498434,-326.25412605914755,0.6620293018450268
LKDS-01034,88.32336882913921,212.34466913974626,-312.25412605914755,0.7805982586969861
LKDS-01034,88.05045216247251,208.12175247307962,-243.75412605914758,0.5755570024811488
LKDS-01034,122.7504521624725,173.4155986269257,-234.75412605914758,0.4911234882702359
LKDS-01034,-116.38288117086083,139.26341913974628,-281.25412605914755,0.685998382558087
LKDS-01037,-98.42021450419419,-66.87791419358706,199.0538739408524,0.2529938600689101
LKDS-01037,-88.23729464627432,59.55451726384436,158.55387394085247,0.4229353822499442
LKDS-01037,-82.44270538037694,30.539961971533867,140.14008083740416,0.3066977302792928
LKDS-01037,65.90478549580584,46.963752473079595,127.55387394085241,0.1922730272574486
LKDS-01037,-63.66188117086084,35.93041913974627,98.55387394085241,0.1757635373767808
LKDS-01037,-68.52299228197194,30.916530250857388,76.55387394085241,0.14757493794799795
LKDS-01038,-68.44174980968168,63.08269547433394,1583.8058739408523,0.6838927094038919
LKDS-01038,-127.12288117086082,39.43184771117484,1774.8058739408523,0.6421883726017271
LKDS-01039,70.86128549580582,-2.9816522888251686,-508.3541260591476,0.6100837529265147
LKDS-01039,88.90711882913915,49.28441913974627,-389.8541260591476,0.3833277741799681
LKDS-01039,-120.90150664125103,7.167578464082073,-452.3541260591476,0.2905318175717496
LKDS-01039,81.29125281243483,44.118482990302354,-457.3541260591476,0.9616062333746018
LKDS-01041,-55.987175911599536,75.85297617509201,30.64587394085241,0.736485450522429
LKDS-01041,27.34098578482207,46.57783117208212,212.64587394085243,0.7057995753715365
LKDS-01041,-102.97618560975351,55.18957444421036,199.14587394085243,0.808238078213062
LKDS-01041,-98.35788117086082,-32.38658086025374,172.64587394085243,0.6232879773341876
LKDS-01041,-25.902632471458897,34.87457369018315,41.31254060751907,0.689461193869173
LKDS-01041,-92.99095278823746,35.93875769285207,150.14587394085243,0.8704713606731688
LKDS-01041,58.71639760972344,4.206669255151514,108.14587394085241,0.7308376057839985
LKDS-01041,-77.61716688514655,-29.888723717396605,99.64587394085241,0.7535690953893723
LKDS-01041,73.28943598566684,-4.260179629905119,75.64587394085241,0.8207036611666211
LKDS-01041,-64.67303038400726,15.29826889909025,171.64587394085243,0.7345415377514158
LKDS-01041,92.07963633023734,37.24458265075101,192.64587394085243,0.8394995223048589
LKDS-01041,-87.55062547748257,80.74206063925875,110.14587394085241,0.885416152466992
LKDS-01042,82.82990325354214,200.99125991383895,911.1458739408524,0.9803770208256042
LKDS-01042,92.50668500370539,162.75366777999488,904.6458739408524,0.7619633897042866
LKDS-01042,93.7608364923664,104.71622026019438,926.6458739408524,0.12270724710705495
LKDS-01042,-31.966214504194134,230.89397469530186,942.6458739408524,0.3341270187394415
LKDS-01042,-52.28430560022647,170.0932692695964,949.1458739408524,0.4022226787835288
LKDS-01042,-60.88288117086082,96.08841913974625,978.1458739408524,0.17034650862431475
LKDS-01042,114.83244246942289,153.17306760852358,1022.1458739408524,0.9600363000131246
LKDS-01043,-26.08550992566313,-99.73257206300643,97.14587394085241,0.6574498596022456
LKDS-01043,-32.033547837527514,-105.12891419358705,124.64587394085241,0.2216387319627664
LKDS-01043,-88.69415389813359,-121.23042934510225,175.64587394085243,0.6401553616487247
LKDS-01043,31.958118829139156,-108.07058086025374,303.1458739408524,0.22281409540738614
LKDS-01043,-52.248951877931546,-72.53118692085971,275.6458739408524,0.429129985361953
LKDS-01043,-91.48632561530528,-90.51502530469817,236.64587394085243,0.642370656850927
LKDS-01043,90.95811882913915,-115.07058086025374,103.64587394085241,0.417354916423221
LKDS-01043,53.20811882913916,-98.07058086025374,95.14587394085241,0.19656560807392945
LKDS-01043,98.9461092507006,-138.8107465849429,116.64587394085241,0.8441183193421955
LKDS-01043,-27.416881170860844,-95.57058086025374,320.3958739408524,0.26238861441412853
LKDS-01043,-83.04188117086085,-72.07058086025373,266.6458739408524,0.2699967894848778
LKDS-01043,-119.42283355181324,-110.49915228882519,255.64587394085243,0.1869987560788719
LKDS-01044,78.45327034429077,38.60714641247355,-629.3541260591476,0.6702787336935528
LKDS-01044,-94.31188117086083,-53.340580860253745,-538.8541260591476,0.387376469760795
LKDS-01044,49.13456348646418,38.98321444302986,-528.0207927258143,0.48007554663766705
LKDS-01044,-66.31188117086083,-22.715580860253745,-511.3541260591476,0.12114240093992103
LKDS-01047,-66.98288117086082,218.35127628260344,408.4558739408524,0.20006901677084582
LKDS-01047,-22.068992281971955,172.05971543604258,268.3725406075191,0.15484568838244625
LKDS-01047,23.35045216247255,176.92175247307958,212.45587394085243,0.1610692161122146
LKDS-01048,-70.32399038241147,32.66069803455482,1612.2858739408523,0.9147117691467134
LKDS-01048,-91.8057700597497,-58.24380308247601,1672.7858739408523,0.47987400294806515
LKDS-01049,76.14315924530567,51.04695255311157,127.39587394085241,0.12655426002425568
LKDS-01049,46.466404543424886,73.13770485403195,99.39587394085241,0.3000686151017674
LKDS-01049,32.81179886263604,70.03433644496774,87.89587394085241,0.854961563206043
LKDS-01050,72.66456261905216,-71.01780589479073,-48.35412605914759,0.9302829064160514
LKDS-01050,-19.339881170860817,-100.11858086025374,-85.85412605914759,0.14976187039381214
LKDS-01053,-62.70621450419414,225.28841913974625,398.4558739408524,0.20753372201289683
LKDS-01053,-52.36615161862804,212.3337155221964,398.9558739408524,0.8056875159902634
LKDS-01054,64.84640028363803,163.43285441261145,664.3411120360905,0.6599630637860889
LKDS-01054,-42.397166885146525,152.83127628260343,789.2458739408524,0.14756240979672422
LKDS-01054,-49.50725091876,167.80625293993305,842.2458739408524,0.223678534119983
LKDS-01056,-54.52951920176996,123.19044040161404,-519.6541260591475,0.3089140462110369
LKDS-01058,121.19237135439174,148.86367166499875,841.0458739408524,0.7135236088332132
LKDS-01058,-89.35929217890427,188.2912640914791,934.0458739408524,0.9920797437988977
LKDS-01061,-70.16020259943227,38.60766913974626,1561.5258739408523,0.7852807134949428
LKDS-01061,42.05854740056774,-17.548580860253743,1607.0258739408523,0.28799376832742773
LKDS-01062,-30.400024028003653,196.44397469530188,324.8558739408524,0.1333071262410874
LKDS-01062,-41.1532523170384,208.00305435518797,330.8558739408524,0.2911324980089991
LKDS-01062,-85.6132230512027,124.24653879786592,504.3558739408524,0.7299880144228467
LKDS-01062,-63.31974530922872,176.05363988391434,449.8558739408524,0.595289186361425
LKDS-01062,-37.62855029536289,218.25203893803427,341.3558739408524,0.2013061649829078
LKDS-01062,55.72753549580586,226.4543913619685,342.3558739408524,0.11630750390452221
LKDS-01062,35.01711882913919,221.78841913974625,343.8558739408524,0.1277948528638271
LKDS-01062,49.31354740056776,237.63127628260344,372.3558739408524,0.12975240115290831
LKDS-01062,-55.44954783752746,174.01699056831765,536.3558739408525,0.34147152376472234
LKDS-01063,-37.054641258783185,148.83955478677296,609.8458739408525,0.948364081372479
LKDS-01063,16.815609383332802,192.12599385118259,709.8458739408525,0.22585703918303995
LKDS-01064,111.24130183567517,206.3238999987565,398.2858739408524,0.7998932425078348
LKDS-01064,-21.28288117086083,208.11341913974627,276.2858739408524,0.2047056525677371
LKDS-01064,-96.58002402800368,140.28841913974625,367.7858739408524,0.7541306439932779
LKDS-01065,-56.7166206489753,11.252482691934821,-408.3541260591476,0.22263740364676662
LKDS-01065,-110.29788117086083,70.32841913974626,-398.8541260591476,0.1465784320659446
LKDS-01065,-95.79788117086083,86.32841913974627,-352.18745939248095,0.2513675236546138
LKDS-01065,-56.2831489536361,37.768945404391694,-469.3541260591476,0.4160743478831247
LKDS-01065,-46.2244228759426,-39.40226056749652,-452.8541260591476,0.11203013897984508
LKDS-01065,-60.10429350852314,23.382396412473547,-470.3541260591476,0.38902907269497
LKDS-01065,-32.23121450419415,14.5522286635558,-535.8541260591476,0.29379151171080886
LKDS-01065,-57.69605126029959,-45.484346129700604,-431.9731736781953,0.5676601246558887
LKDS-01066,44.13042881390698,232.07922212310774,989.0058739408524,0.16955370693371644
LKDS-01066,-71.63810871882399,125.23655029764059,864.0458739408524,0.17925549001699223
LKDS-01066,-64.78459997851618,150.86555496093246,862.3937000278089,0.269021241895523
LKDS-01067,81.96311882913915,-95.06558086025375,-322.3541260591476,0.29332247065387784
LKDS-01067,69.42291553350691,-113.5595818307369,-288.3541260591476,0.6882095923585954
LKDS-01067,-58.67402402800371,-225.46558086025374,-271.3541260591476,0.5125311504367254
LKDS-01068,-105.32155095582927,54.84381116221776,-386.3541260591476,0.8523863643967372
LKDS-01068,133.23811882913915,35.610085806412926,-400.3541260591476,0.1987160720490676
LKDS-01068,-96.3190240280037,53.94341913974625,-439.3541260591476,0.10834515145883908
LKDS-01068,-24.261881170860843,7.443419139746247,-595.8541260591476,0.1375311863961248
LKDS-01069,-96.06502402800368,85.06341913974624,478.6458739408524,0.7122171412471197
LKDS-01069,-113.88288117086083,170.58841913974626,434.6458739408524,0.19928363865248974
LKDS-01069,71.19617865819902,170.10230802863515,449.1458739408524,0.45164641975329267
LKDS-01071,60.19478040035202,214.7787456111697,180.49587394085242,0.9573128247158326
LKDS-01071,-44.0295478375275,131.72556199688913,142.99587394085242,0.3166583749507793
LKDS-01071,-27.87573831371795,204.48841913974627,43.49587394085241,0.6765598082439696
LKDS-01071,-29.871770059749704,187.18286358419073,-34.0041260591476,0.11662533878666775
LKDS-01073,-94.26142085340054,-135.33377133644416,-33.85412605914759,0.5398919059730167
LKDS-01073,-40.02054783752745,-87.96591419358707,-34.35412605914759,0.8065305044813218
LKDS-01073,62.300804026531864,-95.59863026619276,-144.35412605914757,0.9591898544526691
LKDS-01073,-59.45388117086083,-74.98258086025372,-178.85412605914757,0.293089951485885
LKDS-01073,64.04611882913917,-154.9825808602537,-202.85412605914757,0.20299399032989426
LKDS-01075,-87.01683213846242,-138.15517618253594,57.21730251228098,0.9261581391655666
LKDS-01075,-130.36721450419415,-169.0625808602537,161.64587394085243,0.19905412227543806
LKDS-01077,-30.316214504194154,235.90508580641296,400.81587394085244,0.24895452396951737
LKDS-01077,-59.48288117086082,229.15508580641296,399.31587394085244,0.2580261970291464
LKDS-01078,-33.34240553984002,71.60063152443139,-406.3541260591476,0.8284508808351154
LKDS-01078,71.93389991080261,-47.50154830022118,-392.3541260591476,0.3678979257888193
LKDS-01081,-64.18288117086078,60.521752473079594,884.8458739408525,0.122733690873278
LKDS-01081,-106.26288117086082,164.18841913974626,883.8458739408525,0.2594242914414997
LKDS-01081,122.24878549580583,88.93008580641293,855.8458739408525,0.26460732343096816
LKDS-01081,31.944473004326145,215.13482900033472,827.1030167979953,0.16260483439967566
LKDS-01081,-34.216214504194134,200.7550858064129,760.3458739408525,0.41817627587880646
LKDS-01081,-64.04829723627685,94.79897710030419,844.3458739408525,0.8996171908805697
LKDS-01083,97.20288073390111,-113.04724752692047,177.14587394085243,0.12021478968576539
LKDS-01083,-24.501376120355786,-97.0098737895467,129.14587394085243,0.7575708055393492
LKDS-01083,-25.497352221233854,-105.22566594945656,-14.020792725814255,0.11226490061371132
LKDS-01083,-76.34769260580273,-162.478882252903,50.14587394085241,0.9516892456905638
LKDS-01084,-116.0397199561357,-94.45469051751373,49.14587394085241,0.8417173250413532
LKDS-01084,111.47111882913917,-227.55758086025372,34.64587394085241,0.20483827310932295
LKDS-01084,-79.86388117086081,-61.682580860253715,1.14587394085241,0.10918332439130496
LKDS-01084,82.36517666526544,-95.2120360767201,-53.35412605914759,0.933375890774521
LKDS-01084,54.471118829139186,-94.05758086025371,-68.85412605914759,0.407289122432132
LKDS-01085,-142.37688117086086,195.20925247307957,532.7758739408524,0.3520043482942643
LKDS-01085,22.53166861268893,232.68192563325275,522.7758739408524,0.3647431937088498
LKDS-01085,19.910610375122165,196.2867755693171,503.7758739408524,0.8031247877971922
LKDS-01085,104.8453410513614,143.68008580641293,405.7758739408524,0.6650388065871194
LKDS-01085,-57.63521450419418,242.28841913974625,385.7758739408524,0.155993254849142
LKDS-01086,-51.611452599432255,192.64556199688914,510.6458739408524,0.8614713374670938
LKDS-01086,75.32545216247249,154.5467524730796,432.1458739408524,0.4473191142641765
LKDS-01087,7.311020129593177,-48.380222794667596,1692.9758739408521,0.6107609138452273
LKDS-01088,-69.0370822290619,-114.83916409183695,582.1458739408524,0.8727909681429394
LKDS-01088,98.93973707683354,-164.68285671664364,620.6458739408524,0.13667737071099495
LKDS-01088,124.23897597199631,-188.30758086025372,586.6458739408524,0.4162759539713391
LKDS-01088,-34.528881170860814,-64.55758086025371,555.1458739408524,0.5126300378537769
LKDS-01088,-51.544427272856524,-137.56769412312403,412.1458739408524,0.9724137873017054
LKDS-01088,119.75587178295233,-172.5434383611488,521.1458739408524,0.7987588601539461
LKDS-01088,-27.554372852378513,-112.70382957832012,465.1458739408524,0.4265801094204117
LKDS-01088,-69.4611888631685,-204.84681162948442,493.1458739408524,0.23538680022176053
LKDS-01089,106.00773444475479,61.80395592653304,132.39587394085243,0.5811651455591051
LKDS-01089,89.19489660691701,-39.258406257079145,174.89587394085243,0.4837246937615932
LKDS-01089,92.78649203587597,-66.78061466086562,175.39587394085243,0.7711611413852965
LKDS-01089,77.04878549580584,1.422466758793851,167.39587394085243,0.5247940958105785
LKDS-01089,50.10605495677976,82.19356521378474,134.39587394085243,0.769789751095566
LKDS-01089,95.23811926637832,51.35382236869354,125.89587394085241,0.9131404979920977
LKDS-01089,90.55624161111919,-59.26035351616924,129.39587394085243,0.8015666627781187
LKDS-01089,81.28699971101204,-45.4468060140316,95.39587394085241,0.9464500702649286
LKDS-01089,87.24204201770088,-17.818534485321756,73.89587394085241,0.743256962024165
LKDS-01089,59.503080504083215,63.05229777964511,71.39587394085241,0.6945899550017313
LKDS-01089,47.68090210061505,6.177381356621444,32.39587394085241,0.7659493642280428
LKDS-01089,71.81969819421862,41.331276282603405,93.89587394085241,0.4830806312193402
LKDS-01091,-70.88288117086083,176.08841913974626,-400.75412605914755,0.16388953207482182
LKDS-01091,97.11711882913917,186.08841913974626,-431.25412605914755,0.2943500456235404
LKDS-01091,-72.5045298303246,108.30210461393594,-439.75412605914755,0.7934926242195827
LKDS-01091,-44.63288117086082,103.58841913974625,-427.25412605914755,0.11031854865680936
LKDS-01091,78.1079833567684,183.1261196745056,-461.25412605914755,0.7347485181917675
LKDS-01091,61.32336882913919,193.24466913974626,-475.25412605914755,0.5395100355707866
LKDS-01091,67.40878549580586,123.6717524730796,-499.25412605914755,0.705300373226066
LKDS-01091,29.303785495805847,215.2850858064129,-533.7541260591476,0.3234033111628488
LKDS-01091,61.450452162472494,195.08841913974626,-546.7541260591476,0.3313410107191994
LKDS-01091,55.61711882913918,211.58841913974626,-478.75412605914755,0.3564715342948762
LKDS-01092,-55.0458811708608,-80.57458086025377,108.14587394085241,0.12728674595355277
LKDS-01092,45.92989535262573,-106.680505061027,89.14587394085241,0.8892448965605692
LKDS-01093,112.40678549580579,-107.65524752692046,216.14587394085243,0.4290037079549427
LKDS-01093,-72.4501518834996,-167.41512027944097,213.14587394085243,0.9435639670057357
LKDS-01093,-82.45731706829675,-184.97447829615123,136.64587394085243,0.8278098328805561
LKDS-01093,-39.44877005974973,-81.25524752692044,51.14587394085241,0.11868160072514695
LKDS-01093,-105.05988117086085,-152.58858086025378,115.64587394085241,0.1647414982050586
LKDS-01093,-59.43488117086084,-102.58858086025377,71.64587394085241,0.4013488523393799
LKDS-01094,-63.86245259943225,-38.33343800311088,-403.3541260591476,0.15173565637120884
LKDS-01094,-55.181696350572544,50.705815131093,-495.8541260591476,0.8419345309896531
LKDS-01094,37.2244521624725,45.86775247307957,-497.8541260591476,0.27849979956745385
LKDS-01094,45.95402709555021,59.959653675907234,-504.0207927258143,0.7698627800308925
LKDS-01094,91.89111882913917,37.284419139746255,-433.3541260591476,0.23472508549490856
LKDS-01095,-77.14771341046932,59.29298199639429,-566.8541260591476,0.8657011678381028
LKDS-01095,56.060118829139164,61.18441913974629,-611.8541260591476,0.16898843572999983
LKDS-01098,68.00445216247249,-92.6075808602537,220.97920727418574,0.33032291247413503
LKDS-01098,-43.22693209477176,-126.21168034576627,209.14587394085243,0.584140180190066
LKDS-01098,48.92111882913918,-54.60758086025371,179.14587394085243,0.2526614178531629
LKDS-01098,-82.99263983594304,-180.25743503929903,177.89587394085243,0.25364505012630706
LKDS-01098,-23.250093292072954,-83.69394449661733,170.14587394085243,0.23574784055980655
LKDS-01098,-56.72368990466971,-65.92609195972732,173.62974490859432,0.4965984580149182
LKDS-01098,60.61679368839703,-87.12552750034645,146.14587394085243,0.9227739728718924
LKDS-01098,-60.88825440632103,-96.30266838142816,68.86015965513812,0.2384404385814993
LKDS-01098,79.41606832408863,-86.00354045621332,63.14587394085241,0.36677835787964475
LKDS-01098,-29.115587520067148,-86.63535863803146,15.64587394085241,0.20472549253254416
LKDS-01098,23.505805177013976,-96.4659056881009,16.14587394085241,0.5350745360616109
LKDS-01098,100.19511629366701,-107.72541211485327,107.14587394085241,0.6083717038793626
LKDS-01099,-90.33843672641638,82.83286358419069,470.0458739408524,0.22990605037873935
LKDS-01099,-121.83859212657177,125.99564524697233,524.0458739408524,0.2865842933601732
LKDS-01099,92.99746308805486,72.4890375689361,519.0458739408524,0.29708336029209315
LKDS-01099,-48.38288117086082,99.58841913974625,450.0458739408524,0.18325472777716934
LKDS-01099,54.098071210091575,231.48651437784144,408.0458739408524,0.188260484791126
LKDS-01099,43.19211882913917,224.98841913974627,383.5458739408524,0.2878104681087793
LKDS-01099,-74.35163117086083,145.36966913974626,362.5458739408524,0.6774496790995129
LKDS-01100,-77.48095809393776,201.83777811410525,804.5458739408524,0.5340930205811987
LKDS-01100,-72.21716518749776,235.41661284146937,874.0458739408524,0.28306415500540816
LKDS-01100,53.61711882913918,245.58841913974626,886.0458739408524,0.34356552599833357
LKDS-01100,58.11711882913918,248.08841913974626,917.5458739408524,0.34612559619677674
LKDS-01100,-60.262411867436995,175.37639139476397,790.091328486307,0.4329508467412585
LKDS-01100,-111.00788117086083,106.96341913974625,941.5458739408524,0.7523041987316404
LKDS-01100,-82.5520424170901,229.32059414917313,931.0458739408524,0.3708952150970627
LKDS-01102,-43.38288117086082,182.08841913974626,601.4458739408524,0.19702611604299095
LKDS-01102,77.05045216247248,140.38841913974622,618.9458739408524,0.10998245814408808
LKDS-01102,-80.2895478375275,186.98619691752393,629.9458739408524,0.6290213191406523
LKDS-01102,55.11711882913918,229.08841913974626,658.4458739408524,0.2520859534273474
LKDS-01103,-29.096103393083062,85.06219691752408,-429.8541260591476,0.17719723852772795
LKDS-01103,-53.89888117086081,53.25941913974625,-403.8541260591476,0.3205840992162554
LKDS-01103,-24.070244807224434,85.32078277610991,-378.8541260591476,0.36663224040434705
LKDS-01103,57.87308852610887,75.03138883671595,-430.8541260591476,0.1522947552863023
LKDS-01103,-49.1516589486386,-49.16002530469821,-498.8541260591476,0.16141865308714526
LKDS-01103,-53.13729344637695,86.1497441860121,-478.3541260591476,0.9506067591140598
LKDS-01104,-16.832881170860816,176.88841913974628,76.83587394085241,0.173132408197217
LKDS-01107,-8.201249093032999,177.44631744316328,790.3030167979953,0.7315686501294304
LKDS-01107,77.00449600223064,74.82783712916425,774.4458739408524,0.7366276672048631
LKDS-01107,85.84537721442061,86.29330808937615,768.4458739408524,0.6197331770158405
LKDS-01107,-94.84916241925669,145.9520405315297,764.9004193953979,0.8151501970718233
LKDS-01107,92.38714845558715,97.28720709266453,751.4458739408524,0.8506519751975863
LKDS-01107,49.621954487219995,220.54919044094308,732.4458739408524,0.32248159404230725
LKDS-01107,86.99017623784437,201.42955447724958,729.4458739408524,0.4532716115875306
LKDS-01107,50.56380180929626,135.6775430146063,733.6958739408524,0.7788906518515543
LKDS-01107,55.19180626042239,196.83019913124355,734.4023956799829,0.8062432167162427
LKDS-01107,46.03854740056779,211.70984771117483,710.5887310837095,0.12261158224697205
LKDS-01107,88.94211882913913,115.43841913974624,741.9458739408524,0.35841526659627043
LKDS-01108,75.61711882913917,148.58841913974626,1011.0458739408524,0.5040187635915075
LKDS-01108,-76.88288117086083,225.58841913974626,1019.5458739408524,0.2540014281600642
LKDS-01108,-59.71621450419416,245.67175247307958,1012.5458739408524,0.14268943004524656
LKDS-01108,-86.0362104022049,145.39027788975866,1032.5125406075188,0.6388712913357478
LKDS-01108,86.7504521624725,190.43127628260345,978.0458739408524,0.781942555364297
LKDS-01108,-52.1495478375275,216.12175247307962,899.0458739408524,0.31038281020819425
LKDS-01108,-53.037875598170494,139.07046585120685,942.0458739408524,0.3740854676130675
LKDS-01108,59.26946852020982,229.08088347527888,984.0458739408524,0.8951426503290661
LKDS-01108,-98.5793097422894,203.58841913974626,1051.5458739408523,0.29609524768474316
LKDS-01108,57.87307121009159,228.91203025085738,1040.5458739408523,0.608632864941815
LKDS-01108,-27.632151964150232,224.02435846880834,926.5458739408524,0.42209003606404816
LKDS-01108,36.71330592532619,190.6137353650625,866.0458739408524,0.5277534349656696
LKDS-01109,-30.594850307749876,123.72982365437731,-14.344126059147586,0.22884869461058854
LKDS-01109,-43.65529760892486,159.94338162939638,21.155873940852416,0.8237408224638895
LKDS-01109,110.28711882913917,184.48841913974627,78.15587394085242,0.6841643873747781
LKDS-01110,29.10273580685319,200.11131613717225,938.83818163316,0.19746611290644764
LKDS-01110,-80.73742662540627,138.7066009579281,951.6458739408524,0.6820123285614711
LKDS-01110,-48.88288117086082,221.08841913974626,948.6458739408524,0.18790464713142266
LKDS-01110,-61.93949037474825,168.16112462274012,998.1458739408524,0.9049243023557725
LKDS-01110,-3.760658948638563,131.84397469530182,836.1458739408524,0.15202023992689936
LKDS-01112,-64.23217805293206,131.63953535580617,815.018287733956,0.9404847579429476
LKDS-01112,90.53672145279731,219.26328038859364,904.8458739408525,0.1482587861249773
LKDS-01112,15.736166448186767,219.8681810445082,699.3458739408525,0.13779563352680155
LKDS-01113,-90.1182125946584,212.22540446019025,479.9258739408524,0.8478239930897881
LKDS-01113,-113.78088117086082,187.53841913974625,520.4258739408524,0.136984552664551
LKDS-01114,-104.80788117086082,125.38484771117484,573.8458739408525,0.451151368409057
LKDS-01114,44.336937381576895,108.68564282123717,531.3458739408525,0.2664244115912181
LKDS-01114,-101.60715017670876,208.88754194676386,569.8458739408525,0.79724388889769
LKDS-01114,59.088887536622174,180.52362322137895,584.3458739408525,0.15286722892488985
LKDS-01115,-140.3974915604712,190.81082173714887,-305.1541260591475,0.40716233590211415
LKDS-01115,27.895437209631464,169.21633781929538,-460.1541260591476,0.8225359476834465
LKDS-01115,82.25104740056774,171.08841913974626,-445.1541260591476,0.704948295212116
LKDS-01115,73.45045216247249,219.08841913974626,-410.6541260591476,0.28434364714356875
LKDS-01115,-99.19240498038462,151.92175247307958,-381.1541260591476,0.2142182860669091
LKDS-01115,89.81711882913913,128.85508580641292,-356.6541260591474,0.118090793587757
LKDS-01115,90.11711882913917,225.08841913974626,-313.6541260591475,0.5094184650874729
LKDS-01115,101.11711882913917,176.2550858064129,-422.6541260591476,0.15248110680692448
LKDS-01118,83.9893611354054,209.5354799171533,899.2458739408524,0.5354481263852711
LKDS-01118,101.92443181690331,237.52443049681028,891.7458739408524,0.42190125821993696
LKDS-01118,81.8421188291392,224.32008580641295,912.7458739408524,0.5928071363664265
LKDS-01118,-36.00788117086082,191.14675247307957,736.7458739408524,0.24810184982716324
LKDS-01118,71.25191444384782,226.5701778128901,896.4125406075192,0.9020277550382675
LKDS-01120,57.10420301688124,206.58829572514912,11.36587394085241,0.3003150811357559
LKDS-01120,-74.80788117086085,111.62175247307957,106.86587394085241,0.39671027566624295
LKDS-01120,62.74648603056526,235.78173464776765,183.36587394085242,0.4683180466853839
LKDS-01122,112.88934105136141,151.51064136196845,377.3458739408524,0.17631140671471043
LKDS-01122,89.92365336577635,124.92911022907343,310.3458739408524,0.9111759156548244
LKDS-01122,88.56711882913913,179.32175247307958,293.3458739408524,0.1648099152309956
LKDS-01123,-37.52121710125197,-79.43818225566143,1743.7358739408521,0.17180779234203317
LKDS-01123,36.80729665100109,-18.382683614551933,1626.7358739408521,0.5317545490691988
LKDS-01125,106.87112111228124,144.99617662796166,779.4458739408524,0.39876842115288924
LKDS-01125,75.33438073390113,199.9425858064129,933.4458739408524,0.11276547641190506
LKDS-01125,-44.54469088637561,112.15570159235519,947.3304893254677,0.19914700218690604
LKDS-01127,-114.21287555918855,-124.96348882882845,148.14587394085243,0.941628067748076
LKDS-01128,77.11711882913917,154.58841913974626,812.6458739408524,0.25166119739254866
LKDS-01128,-29.735552373301854,220.61748568528344,837.1458739408524,0.5628216985758737
LKDS-01128,-46.888161100969704,172.9822000716091,928.3458739408525,0.8091912094649271
LKDS-01131,-107.41854783752754,-92.18534276501569,192.64587394085243,0.6972271227733885
LKDS-01131,-34.689381170860855,-159.91450943168232,178.64587394085243,0.16676336640085726
LKDS-01131,117.74811882913913,-184.35200943168226,136.64587394085243,0.2395918111565969
LKDS-01131,-53.00188117086085,-162.03058086025376,10.14587394085241,0.12322683704196692
LKDS-01131,-42.516785112235326,-208.84276149008147,115.64587394085241,0.3630909347431456
LKDS-01131,-78.42807164705134,-107.29724752692047,107.14587394085241,0.4201209527482518
LKDS-01131,86.0447336112488,-118.43386251023045,102.64587394085241,0.9358798885242734
LKDS-01131,-61.316706915295256,-88.00293777981534,88.14587394085241,0.5238815834684434
LKDS-01131,48.38700771802804,-74.39169197136489,63.14587394085241,0.1574101874336529
LKDS-01131,-63.33688117086083,-153.0055808602538,41.14587394085241,0.5860207038352816
LKDS-01131,30.12119575221604,-99.98442701409995,33.14587394085241,0.15042258788114735
LKDS-01131,89.5981188291392,-185.08058086025378,38.14587394085241,0.4575702787005168
LKDS-01132,100.77138810798753,-129.64216222151927,97.14587394085241,0.8861579057802687
LKDS-01134,-23.810857211072793,-210.04543984552183,167.64587394085243,0.8931977110336153
LKDS-01135,98.65550266752305,118.47301509934218,703.6458739408524,0.23648828174305575
LKDS-01135,105.80998375288644,92.45557600249133,733.6458739408524,0.2272992911169855
LKDS-01135,-16.87452247939998,198.17324873517882,857.6458739408524,0.9224079539938034
LKDS-01135,-52.38288117086082,228.58841913974626,785.6458739408524,0.16482009862246727
LKDS-01135,-25.2717989197786,202.01690398823115,650.1458739408524,0.14192603517538258
LKDS-01136,64.47822994025027,43.56064136196852,25.64587394085241,0.6454521441356932
LKDS-01136,46.84211882913918,56.71341913974626,75.89587394085241,0.3831936194396609
LKDS-01136,-37.864993440883886,56.02751693263764,116.64587394085241,0.21702644176581784
LKDS-01136,-62.08288117086081,-64.14491419358707,115.14587394085241,0.15189123101333066
LKDS-01136,-64.01373122292583,74.45694060854085,141.09132848630696,0.8458774444689282
LKDS-01136,86.13227034429072,83.05447974580689,151.14587394085243,0.5151109354923098
LKDS-01136,-72.81357209856826,76.22493943407002,176.64587394085243,0.8846351991656682
LKDS-01136,92.61711882913913,2.488419139746261,187.14587394085243,0.27948893119692086
LKDS-01136,-63.82260511841084,-66.84194662974996,218.14587394085243,0.7656934285061157
LKDS-01137,-49.799547837527506,227.79675247307958,787.0125406075191,0.13928709055666824
LKDS-01137,-44.88288117086082,196.27591913974626,766.3458739408525,0.16110962281911434
LKDS-01137,-75.75364151982271,210.67989706599272,791.3458739408525,0.5346901539858774
LKDS-01137,-84.10192093364034,209.30259096300088,928.8458739408525,0.9437213365134194
LKDS-01138,-51.338918056378134,170.60188974918768,373.7968263218048,0.26857216063170086
LKDS-01138,81.45461882913918,164.37591913974626,390.9158739408524,0.722424622101578
LKDS-01138,-102.83250615714276,195.8621251532381,362.4158739408524,0.7583499839468064
LKDS-01138,11.5400354958058,216.76550247307958,333.9158739408524,0.475884369568354
LKDS-01142,-56.32921450419416,-223.9204141935871,56.14587394085241,0.4024052188359958
LKDS-01142,99.53366053886894,-135.84247162338437,80.14587394085241,0.9795003292192942
LKDS-01143,-47.828282097134995,-225.673680465494,11.381168058499465,0.7601636208325554
LKDS-01143,-40.56687237118865,-214.24829220261503,23.64587394085241,0.8878322068747474
LKDS-01143,-109.50088117086082,-131.5295808602538,62.64587394085241,0.22452720554139166
LKDS-01144,-133.131103393083,-26.288358638031596,1791.1458739408522,0.22543337158421295
LKDS-01144,-113.93684267969563,44.66328668832195,1776.6458739408522,0.824880271212584
LKDS-01144,-26.56513117086081,-5.9793308602537625,1769.6458739408522,0.2065089790917034
LKDS-01144,-105.30888117086083,34.98941913974624,1713.1458739408522,0.24247115591134574
LKDS-01144,-102.04454326335404,-31.324915639958565,1668.1458739408522,0.7655957960979735
LKDS-01144,-95.90888117086081,40.98941913974623,1659.1458739408522,0.3863855533033539
LKDS-01144,-84.04448723146685,70.07401509934219,1647.1458739408522,0.3682099140912223
LKDS-01144,-85.70776228974194,46.264524034851114,1619.1458739408522,0.5070202937288345
LKDS-01144,-72.88160844358808,30.669938620265718,1601.1458739408522,0.3260017392267712
LKDS-01145,98.69926168628204,139.58484771117483,-427.9541260591476,0.43677605098120986
LKDS-01145,28.529846101866447,197.1066009579281,-483.4541260591476,0.7542302566001742
LKDS-01145,80.91451423489488,244.1475788211951,-296.9541260591476,0.19571753994258853
LKDS-01145,64.61711882913917,158.58841913974626,-349.9541260591476,0.12461236439445895
LKDS-01145,-65.28913117086083,104.93216913974625,-412.9541260591476,0.4128720784084594
LKDS-01148,96.39399372842877,-188.45025313971388,109.14587394085241,0.8453489433291814
LKDS-01148,-72.29934037832005,-127.00810999778284,27.64587394085241,0.7174362299074658
LKDS-01148,68.45811882913915,-63.795580860253764,33.64587394085241,0.7819225149581759
LKDS-01149,-89.08751080049048,188.0699006212278,692.3458739408525,0.6745828148951062
LKDS-01149,-97.18169069467034,199.73008580641292,717.8458739408525,0.7817866494817797
LKDS-01149,58.67267438469475,203.97730802863515,713.8458739408525,0.1915153528815641
LKDS-01150,-34.20871337297242,50.556515293592405,-656.437459392481,0.1649967157738005
LKDS-01150,-35.098881170860786,57.871419139746244,-606.3541260591476,0.19851863290501257
LKDS-01150,-64.43750149795281,68.9989373099845,-570.3541260591476,0.8722451684107312
LKDS-01150,-64.7238811708608,94.49641913974624,-550.3541260591476,0.4580947184459959
LKDS-01150,-72.92063441761404,29.641873685200803,-544.3541260591476,0.7511586901773938
LKDS-01152,82.88766477759211,200.56984744443037,-96.95412605914758,0.898643105284697
LKDS-01152,-52.21621450419416,159.42175247307958,-76.45412605914758,0.653131209204256
LKDS-01152,79.2171188291392,223.0550858064129,48.045873940852424,0.3681035109009937
LKDS-01152,-32.020187704295914,200.267670357106,-13.898570503592044,0.18516717219318896
LKDS-01152,-55.14423653316478,90.72214993057925,-29.454126059147583,0.7481850144495497
LKDS-01153,-94.01188117086085,-109.04058086025377,113.14587394085241,0.7829849942422504
LKDS-01153,-83.44697535475564,-113.60822127352779,122.14587394085241,0.9883613676392298
LKDS-01153,-46.31499102194539,-93.28139082059266,97.14587394085241,0.7959015525609184
LKDS-01153,41.98811882913915,-177.4215332412062,88.64587394085241,0.41224538772271024
LKDS-01153,-89.82150615479506,-95.5677851610699,119.64587394085241,0.7787048509283128
LKDS-01154,-75.82891150824625,-98.46004243674787,-128.85412605914757,0.9494807346559162
LKDS-01154,-37.44173302271266,-150.0630253046982,-216.6874593924809,0.12392896713282615
LKDS-01155,-109.71121450419419,145.22008580641295,-417.75412605914755,0.23254868811831822
LKDS-01155,-95.54954783752751,163.75508580641292,-393.75412605914755,0.43042229187785863
LKDS-01155,27.617118829139176,215.97413342546056,-507.75412605914755,0.8050580909414353
LKDS-01155,-116.34954783752751,140.38841913974628,-285.75412605914755,0.11023994855383319
LKDS-01155,-92.08079783752751,112.01550247307956,-375.25412605914755,0.299552755941609
LKDS-01155,98.86711882913917,204.83841913974626,-343.25412605914755,0.3829659313523036
LKDS-01155,110.67267438469476,200.64397469530186,-286.75412605914755,0.4061749775108292
LKDS-01156,-83.38288117086083,181.43841913974626,804.4458739408524,0.3163939034504951
LKDS-01156,-77.00972099770067,236.75248840381545,826.9458739408524,0.7309068398902743
LKDS-01156,14.746606008626374,209.82047042179758,869.4458739408524,0.2766432463026638
LKDS-01156,52.11711882913918,188.08841913974626,799.9458739408524,0.14018550462821408
LKDS-01156,-31.115188863168495,201.9309832423104,722.9458739408524,0.4499396034972464
LKDS-01156,-39.896770059749706,207.9356413619684,718.9458739408524,0.2736635256704286
LKDS-01156,-53.88288117086082,240.08841913974626,881.9458739408524,0.19442874709979643
LKDS-01157,65.64630930532954,11.646752473079562,-531.8541260591476,0.1240762266165609
LKDS-01157,25.336785495805803,89.41460961593674,-667.3541260591476,0.10862090531123297
LKDS-01157,-105.82306298904267,87.9761464124735,-591.3541260591476,0.4926830421450995
LKDS-01157,37.67011882913918,80.31341913974624,-605.8541260591476,0.1256756897333524
LKDS-01157,-6.681690987714089,-11.705799269826665,-616.3541260591476,0.824725279267953
LKDS-01157,-83.74617610780794,94.60173082805794,-631.3541260591476,0.23250541183484216
LKDS-01157,2.309983119893306,77.14347147786006,-644.8541260591476,0.6684960846003488
LKDS-01157,65.62327874046439,-13.014558359904676,-569.8541260591476,0.7979380710816975
LKDS-01158,-121.85246219301666,-127.98780000393539,64.14587394085241,0.9310214079648186
LKDS-01158,-3.4718811708608226,-127.54058086025378,153.64587394085243,0.34066498765315567
LKDS-01158,-33.47938117086084,-100.73308086025379,-56.85412605914759,0.361834409744037
LKDS-01159,-98.84121450419414,194.1925858064129,821.7458739408524,0.7177238951686284
LKDS-01159,-47.81621450419416,93.19508580641289,833.2458739408524,0.4405791650775335
LKDS-01159,-81.19121450419414,52.96619691752404,938.7458739408524,0.5779819644719292
LKDS-01159,-115.54954783752751,201.42175247307958,946.2458739408524,0.1590247153139705
LKDS-01159,-124.31145259943224,186.2550858064129,953.2458739408524,0.7052247283091077
LKDS-01159,136.11711882913917,193.08841913974626,999.2458739408524,0.18229655137205036
LKDS-01163,-60.768740401645246,157.8153802964668,925.6458739408524,0.9583759861419527
LKDS-01163,48.68402734961777,223.11125050245496,1087.6458739408522,0.5782742126680012
LKDS-01163,67.64211882913915,228.61341913974627,1037.1458739408522,0.6339791175951489
LKDS-01163,-52.88288117086082,164.58841913974626,1048.1458739408522,0.23565985675701787
LKDS-01163,-96.69538117086083,120.77591913974625,1001.6458739408524,0.1561586777100889
LKDS-01165,-64.79818767807912,137.07994660737668,954.0458739408524,0.1145271383061106
LKDS-01165,62.671606008626334,212.47560833943544,864.0458739408524,0.5098483718663384
LKDS-01165,-85.75641671783852,198.53044047855164,841.0458739408524,0.9326307466192307
LKDS-01166,-35.88288117086082,229.08841913974626,895.5458739408524,0.2672194100648093
LKDS-01166,50.50600771802807,235.42175247307958,973.0458739408524,0.21198578447318026
LKDS-01168,-69.67944650339999,88.74184129588399,-449.8541260591476,0.8441237433648701
LKDS-01169,-68.31275665653895,-112.39904557517197,125.14587394085241,0.6570760995709163
LKDS-01169,-33.814595456575084,-76.05758086025371,117.14587394085241,0.5612315625511867
LKDS-01169,70.87015597704203,-179.84482740748214,135.14587394085243,0.9293815980914494
LKDS-01169,-94.75110339308304,-174.11313641580924,106.14587394085241,0.1338310064686598
LKDS-01169,108.09611882913917,-150.00400943168225,165.64587394085243,0.21164931014808627
LKDS-01169,116.75132445870624,-124.90694736456409,167.64587394085243,0.8627004051105772
LKDS-01169,97.97111882913917,-171.5575808602537,196.64587394085243,0.12648654987215283
LKDS-01169,-116.02888117086083,-145.0575808602537,196.14587394085243,0.15152078524860357
LKDS-01169,29.263041906062284,-87.80617060384346,127.14587394085241,0.6447372062898273
LKDS-01169,-62.97270506909649,-107.32673713676289,235.14587394085243,0.5337511308222939
LKDS-01169,-73.81683450930922,-134.73840050181758,80.64587394085241,0.937802807214849
LKDS-01170,-70.7588811708608,-141.14472371739654,168.64587394085243,0.1954175992290108
LKDS-01170,-118.66342662540627,-136.45121722389007,181.14587394085243,0.6031090508464239
LKDS-01170,-55.0088811708608,-141.53758086025368,134.14587394085243,0.13663713828520468
LKDS-01170,108.32445216247251,-154.53758086025368,124.14587394085241,0.1724902168889769
LKDS-01170,89.4911188291392,-207.0375808602537,124.14587394085241,0.3519959461089567
LKDS-01170,109.4911188291392,-139.0375808602537,115.64587394085241,0.7218497684164109
LKDS-01170,-102.2901311708608,-182.94383086025374,94.64587394085241,0.6712667435967189
LKDS-01170,-45.220965544233394,-74.1935281760283,68.14587394085241,0.962070705880383
LKDS-01170,53.050146606916954,-152.77716419358705,20.64587394085241,0.2799856750647156
LKDS-01170,28.452709707396767,-116.5739895133291,13.64587394085241,0.2127386429803168
LKDS-01172,74.51848734623105,-83.9468165738047,169.14587394085243,0.8925584048592311
LKDS-01172,76.09978549580576,-110.26224752692046,98.14587394085241,0.3387560102406405
LKDS-01176,-47.73201750766889,-0.28941907192214855,173.64587394085243,0.21161336026886382
LKDS-01176,-58.627854248692785,12.971077889201657,173.64587394085243,0.732164603858848
LKDS-01176,-79.85604261631254,-30.34123052239205,162.44587394085244,0.8925009724726208
LKDS-01176,40.87418974437075,-17.156615371148188,72.14587394085241,0.6621904959840836
LKDS-01176,-95.53796926503426,68.73967901199029,125.64587394085241,0.9083591922021503
LKDS-01176,-88.87477145112321,-55.67907288588528,110.64587394085241,0.949831885486503
LKDS-01176,-55.614535983803144,-55.439776883437354,82.64587394085241,0.909245221869475
LKDS-01176,-113.46949144499911,33.22533718813826,78.64587394085241,0.9132584754523234
LKDS-01176,-88.22790336386858,81.81576676778434,213.14587394085243,0.8776499851441975
LKDS-01177,126.16156327358352,137.49953025085742,-369.3541260591476,0.26198497569196044
LKDS-01177,150.49711882913917,133.3455619968891,-354.3541260591476,0.7290878319637571
LKDS-01177,-47.50300485900282,135.9940404387957,-513.8541260591476,0.7954873201479443
LKDS-01177,85.30461882913917,176.27591913974626,-546.8541260591476,0.5670597113400627
LKDS-01177,122.30740261942297,146.79688474821185,-429.3541260591476,0.8886542211535833
LKDS-01177,93.02024382913918,163.53529413974627,-453.3541260591476,0.3113538009707987
LKDS-01177,-69.88288117086083,149.33484771117483,-506.8541260591476,0.7336022215316622
LKDS-01177,79.11711882913917,186.58841913974626,-341.8541260591476,0.5527263175013921
LKDS-01178,-73.73035125633092,-116.68323897991192,-8.85412605914759,0.47482749312088834
LKDS-01178,-76.81987181854983,-100.7261808710857,36.64587394085241,0.9857659628553453
LKDS-01178,-113.35702402800368,-98.42858086025377,71.14587394085241,0.14337030580274876
LKDS-01178,-82.93877005974974,-169.13413641580928,74.14587394085241,0.45905388632382904
LKDS-01178,-12.567662608424852,-142.29715992209364,114.64587394085241,0.8608211302654539
LKDS-01181,-96.38288117086083,132.58841913974626,370.5458739408524,0.44713924400309013
LKDS-01181,-80.70788117086083,135.43841913974626,322.0458739408524,0.419009083151479
LKDS-01187,-31.132881170860824,188.58841913974626,753.2458739408524,0.1548057967321669
LKDS-01187,-26.1537145041942,112.51203025085738,859.2458739408524,0.13697415016873174
LKDS-01187,74.96989660691693,230.1606413619684,848.7458739408524,0.4492021193666519
LKDS-01187,108.01711882913915,130.04841913974622,843.7458739408524,0.22469706206693535
LKDS-01187,-68.88288117086083,157.08841913974626,768.7458739408524,0.39997317465443694
LKDS-01187,51.11711882913918,120.58841913974625,766.7458739408524,0.1723082990440676
LKDS-01187,-34.09220159410588,202.07862702214166,760.2458739408524,0.8584343351155449
LKDS-01188,-16.882881170860824,98.58841913974625,554.3458739408525,0.1861706874789392
LKDS-01188,57.7667762008685,203.41572537444887,446.8458739408524,0.6268184059755598
LKDS-01190,-82.05514791091353,173.85674534050042,742.5458739408524,0.9798016704350639
LKDS-01190,93.11711882913917,220.27591913974626,851.5458739408524,0.765347390429503
LKDS-01191,109.02761882913916,-210.06358086025372,168.14587394085243,0.12510526108511322
LKDS-01191,87.87645357829655,-93.24995099933845,163.64587394085243,0.970164539803723
LKDS-01191,-101.53488117086084,-205.06358086025372,144.64587394085243,0.1808880556106496
LKDS-01191,-72.03488117086084,-185.2302475269204,113.64587394085241,0.6046928919583489
LKDS-01194,67.93725451422276,212.45138975562696,-398.4041260591476,0.8843095789912603
LKDS-01194,-86.37288117086085,148.68841913974626,-397.9041260591476,0.2172730768865938
LKDS-01196,-61.39520610083283,174.04658907438673,-51.02412605914758,0.8522367434928744
LKDS-01196,-18.28288117086083,206.58841913974626,-92.52412605914759,0.187368574960026
LKDS-01203,22.463118829139145,-184.31558086025373,-269.75412605914755,0.3281813602212331
LKDS-01203,97.02311882913915,-166.8598665745394,-157.25412605914752,0.31183109959595023
LKDS-01203,-53.92021542919513,-71.76967558089261,-322.25412605914755,0.2797900313036239
LKDS-01203,-68.88544217518937,-75.79140867769966,-106.75412605914757,0.14941794103846898
LKDS-01203,-107.18549228197199,-114.30446974914258,-283.75412605914755,0.1222553134627569
LKDS-01203,-85.08317746715714,-148.01224752692042,-205.75412605914758,0.8994362642927232
LKDS-01203,-27.930868301403535,-120.0774491355346,-200.25412605914758,0.8250175274640251
LKDS-01203,61.73811882913916,-115.41558086025374,-345.75412605914755,0.2419568646844819
LKDS-01206,-58.64329783752748,199.32800247307958,896.7458739408524,0.33401540655857276
LKDS-01210,117.27984610186641,-141.0797626784356,129.8458739408524,0.7838477847208508
LKDS-01210,102.27156725209787,-90.14428781166107,114.34587394085241,0.42119188264640783
LKDS-01210,75.09590737151548,-159.44609928439206,-35.79412605914759,0.5198555335134197
LKDS-01210,-80.12230423631283,-97.05970928736637,66.57920727418573,0.5125271076689093
LKDS-01211,62.19648390850424,197.52686930241995,1051.5458739408523,0.5636554466913073
LKDS-01211,67.02620973823011,153.74751004883717,1022.0458739408524,0.6615338547921772
LKDS-01211,-85.88288117086083,91.83841913974625,1020.0458739408524,0.281001775105456
LKDS-01211,-73.8216066610569,143.41954659072664,994.0458739408524,0.8310008536342045
LKDS-01211,-89.45788117086083,172.66341913974625,886.5458739408524,0.784337873978409
LKDS-01213,80.77711882913917,184.76841913974627,-131.37412605914756,0.638148773765888
LKDS-01213,-98.47288117086083,154.01841913974627,-152.87412605914753,0.1899549912393022
LKDS-01213,77.1599782173908,192.43554224993315,-251.37412605914759,0.9323933943009968
LKDS-01214,-111.88288117086083,18.088419139746257,225.39587394085243,0.11376623032622156
LKDS-01214,-101.99924480722447,26.972055503382617,195.39587394085243,0.21288843524753334
LKDS-01214,-58.38894177692142,17.46785636918354,158.89587394085243,0.5610067801902621
LKDS-01214,-72.48010339308306,-48.369914193587086,132.89587394085243,0.7722139382259642
LKDS-01214,-117.40788117086083,9.263419139746267,104.89587394085241,0.7303701066868101
LKDS-01214,-101.56632272930237,38.91552952935666,157.89587394085243,0.8046920323269163
LKDS-01217,109.44511882913918,-90.25024752692046,173.64587394085243,0.26579439701520025
LKDS-01217,108.40218953620986,-138.94460178377466,140.14587394085243,0.6312562582125195
LKDS-01217,45.69511882913918,-178.45858086025376,68.64587394085241,0.1612239785224128
LKDS-01217,-77.73178538792524,-106.29526768601383,22.64587394085241,0.776617483022802
LKDS-01217,-64.35034877515196,-117.36775624369388,6.090318385296846,0.11905663781392163
LKDS-01217,-49.262221747192775,-107.76637694070976,6.645873940852409,0.8149076260358025
LKDS-01217,98.94423939206632,-80.97044960532376,90.64587394085241,0.9044430809448092
LKDS-01217,-24.888214504194163,-96.38358086025379,-6.354126059147591,0.20441678626263424
LKDS-01218,-122.24158329990998,6.409862974647003,-427.3541260591476,0.7897735328041774
LKDS-01218,92.12945216247249,44.66821279053993,-457.3541260591476,0.13810819831787827
LKDS-01218,92.25361522163553,-29.625964698637585,-456.8541260591476,0.14410805256630926
LKDS-01218,-89.79763117086083,17.61116913974626,-490.3541260591476,0.11695315046657408
LKDS-01221,-108.52288117086083,-135.05158086025372,227.64587394085243,0.2083811735246156
LKDS-01221,87.76625719032188,-124.19746052337487,213.14587394085243,0.8138307025594773
LKDS-01221,-89.35621450419413,-123.05158086025375,116.14587394085241,0.1639013800501752
LKDS-01221,-74.1895478375275,-214.55158086025372,174.14587394085243,0.12154424759049501
LKDS-01221,98.3641318161522,-108.03339904207193,167.14587394085243,0.8365292175508137
LKDS-01221,-53.98954783752746,-194.96110466977754,95.14587394085241,0.656742098321179
LKDS-01221,66.56406530204087,-132.0205644394608,80.64587394085241,0.5370736882650119
LKDS-01221,68.15800357353581,-115.99802608582834,55.64587394085241,0.6470331772065754
LKDS-01222,136.32984610186642,184.87023732156436,-278.0541260591476,0.7300502482947306
LKDS-01222,-134.88288117086083,121.08841913974625,-293.0541260591477,0.12554793918098955
LKDS-01222,97.49211882913917,169.33841913974626,-395.55412605914773,0.2079426487846436
LKDS-01223,-9.533881170860807,-148.8625808602537,-299.8541260591476,0.14052974018556383
LKDS-01223,-45.61999228197188,-131.4264697491426,-340.3541260591476,0.3198293402936653
LKDS-01223,-85.80345093560602,-142.26774826902866,-383.8541260591476,0.9917448319226434
LKDS-01228,-76.88288117086083,200.08841913974626,-314.0541260591477,0.12767521807627505
LKDS-01228,24.583785495805845,230.68841913974626,-390.05412605914773,0.1343694249520628
LKDS-01230,-119.61427511025478,208.18279143411868,608.2658739408524,0.4521485455790256
LKDS-01230,-79.14364972217109,203.51483173007483,489.97698505196365,0.5125542836616366
LKDS-01231,-86.58848797784695,209.78102997718466,448.99587394085245,0.7936847763488619
LKDS-01232,-104.10988117086083,49.68041913974627,143.25497394085244,0.20562415145138188
LKDS-01232,89.05083311485343,17.876847711174822,98.25497394085241,0.7200888750185498
LKDS-01232,75.21417897951514,-20.840472374754295,71.75497394085241,0.801719018872903
LKDS-01232,-38.619982180961806,47.896749106076264,-20.245026059147587,0.12743025396647667
LKDS-01234,-95.31547394067417,-91.44388463656203,181.64587394085243,0.4931679996083109
LKDS-01234,-63.42388117086082,-124.69365228882518,152.64587394085243,0.18642858394532683
LKDS-01234,-80.0056119400916,-202.62085009102293,99.64587394085241,0.891946483707752
LKDS-01234,81.80379740056775,-174.23383086025373,72.64587394085241,0.22102166980719515
LKDS-01235,-44.63054783752742,-87.05091419358709,-11.35412605914759,0.3350786126881766
LKDS-01235,-129.58054783752746,-145.9009141935871,103.64587394085241,0.38538650412327
LKDS-01235,-100.5033820067511,-97.7170850782347,102.14587394085241,0.937783475441727
LKDS-01235,-100.5388811708608,-158.06758086025374,58.14587394085241,0.3094193243049842
LKDS-01236,-82.6606589486386,223.97730802863515,835.5792072741858,0.4819156021439295
LKDS-01236,-91.88288117086083,224.08841913974626,828.2458739408524,0.48530606003899657
LKDS-01236,72.86711882913917,226.58841913974626,716.7458739408524,0.38277539351548706
LKDS-01236,-87.90548432730263,136.47290241698613,710.2458739408524,0.9433353037201626
LKDS-01236,70.87166428368462,188.2247827761099,759.2458739408524,0.19775188620520256
LKDS-01238,-91.77871450419414,90.13008580641294,944.1458739408524,0.5556154390735688
LKDS-01238,-50.521109609089216,108.28321323454033,891.6458739408524,0.5206732376313801
LKDS-01238,-127.54954783752751,137.51699056831768,943.6458739408524,0.22403248926632222
LKDS-01241,114.44383840585874,169.6439746953018,-471.05412605914773,0.6810325142969617
LKDS-01241,100.16840088042122,197.40453635586343,-510.55412605914773,0.5302993281579609
LKDS-01241,87.12280064732099,209.503191867019,-513.0541260591476,0.7214633183906405
LKDS-01241,-106.9232852112649,119.8667019680291,-536.0541260591476,0.5696055647959241
LKDS-01241,-93.47613665487263,118.44944536841953,-572.5541260591476,0.883155937714371
LKDS-01241,83.55045216247251,205.04397469530187,-582.5541260591476,0.27416201814809726
LKDS-01241,-75.07364046238231,140.15097381859454,-593.0541260591476,0.2831154994398284
LKDS-01241,-37.46621450419416,221.79675247307958,-652.0541260591476,0.21942507200778474
LKDS-01241,-50.88288117086082,93.08841913974625,-556.0541260591476,0.21180307440260335
LKDS-01241,-37.71621450419416,178.08841913974626,-677.5541260591476,0.18888902218606024
LKDS-01242,-58.98010339308304,214.0106413619684,567.4358739408524,0.3166151525805323
LKDS-01242,64.61711882913917,141.78841913974625,431.93587394085245,0.14227364439317866
LKDS-01244,67.86711882913917,128.08841913974626,867.6458739408524,0.15723500927917775
LKDS-01244,100.18046276339477,101.62573149023855,989.6458739408524,0.9337149683531718
LKDS-01245,-52.30460844358809,224.6828996592268,580.5858739408525,0.7624037355744107
LKDS-01245,-27.621624760604416,218.21515906648625,467.0858739408524,0.5465019766386942
LKDS-01245,36.73478549580586,113.02753478600475,452.5858739408524,0.5860816131595037
LKDS-01245,-54.38009545657511,191.1544905683177,414.0858739408524,0.42892080948385214
LKDS-01245,-44.27008373936172,211.41248539084856,409.5858739408524,0.7871419480009141
LKDS-01245,55.01521704705582,180.91140293971216,367.5858739408524,0.35459599984817325
LKDS-01246,114.15931968384004,172.67887498020212,1000.0458739408524,0.25523776156835376
LKDS-01246,-74.62732561530527,249.54397469530187,937.5458739408524,0.1379343282576993
LKDS-01246,-70.38104966902931,97.71296126428837,914.0458739408524,0.7743864414324292
LKDS-01246,-65.38288117086083,126.08841913974625,912.0458739408524,0.3396705462432499
LKDS-01246,-42.078603926366185,220.0005652234763,799.5458739408524,0.3551126642919178
LKDS-01246,26.006007718028066,210.36619691752392,787.5458739408524,0.1597855164504642
LKDS-01246,-48.38288117086082,257.2550858064129,920.5458739408524,0.300132237265169
LKDS-01247,-40.18821450419414,58.64375247307958,-30.2811260591476,0.157835120639529
LKDS-01247,74.19361823591586,27.225912983762008,-48.781126059147596,0.9309401999476812
LKDS-01249,-113.58288117086083,228.98841913974627,496.88587394085243,0.1555030593211701
LKDS-01249,49.6042181881136,219.20942415441934,490.88587394085243,0.9209507197701198
LKDS-01249,-148.08288117086082,155.48841913974627,485.88587394085243,0.1902238853835326
LKDS-01249,-146.49954783752744,163.78008580641296,457.88587394085243,0.11401430402993445
LKDS-01249,53.41711882913919,181.48841913974627,455.38587394085243,0.2009014268861805
LKDS-01249,-109.56700607986497,164.64893589953837,458.38587394085243,0.19496405279271423
LKDS-01249,-119.38288117086083,169.18841913974626,396.7858739408524,0.47220046227805434
LKDS-01249,-91.05788117086081,179.35330009212726,475.88587394085243,0.15471486322382375
LKDS-01250,-46.243324306435895,221.22128100345728,91.6058739408524,0.6474129117757011
LKDS-01250,32.23706096884093,166.55742338386818,84.1058739408524,0.10806780773533003
LKDS-01250,-59.65638117086083,241.17491913974627,61.60587394085241,0.13295673981937384
LKDS-01254,53.51951117363679,205.28219904405236,-275.3541260591476,0.22218730776060902
LKDS-01254,108.8336543708921,209.65400723005487,-385.3541260591476,0.3234451345831084
LKDS-01255,-73.05788117086085,-59.086580860253754,170.64587394085243,0.11880918408570512
LKDS-01255,-96.55788117086082,-114.08658086025375,90.64587394085241,0.1215485636497466
LKDS-01255,-89.43567906414923,-132.86318112233695,96.14587394085241,0.6858541989223753
LKDS-01255,-95.74235410533379,-124.5858686095415,85.64587394085241,0.17716726670463168
LKDS-01257,33.28378549580581,246.01937152069868,478.0458739408524,0.8161657343867681
LKDS-01257,42.83934105136135,209.19953025085738,337.5458739408524,0.3182164868278564
LKDS-01257,47.717118829139196,196.7217524730796,330.5458739408524,0.11834351246977133
LKDS-01257,-33.17390681188652,189.5935839749111,329.5458739408524,0.1474501837190583
LKDS-01263,-88.46424480722449,-42.015035405708275,1687.4858739408521,0.2473016818649142
LKDS-01263,-39.43168480785099,15.223689966449964,1553.9858739408521,0.9468002541757222
LKDS-01263,107.9486339806543,14.826955936283092,1589.4858739408521,0.12977702594266285
LKDS-01264,104.36388939190981,103.87326762459475,-151.68412605914753,0.8386365728805392
LKDS-01264,-6.601273932085118,200.21341280550072,-194.1841260591476,0.8285881834457247
LKDS-01266,-113.33386156301769,174.04080009212717,373.24587394085245,0.8497523821622063
LKDS-01266,-45.88288117086082,215.08841913974626,284.24587394085245,0.3950033070354755
LKDS-01267,93.61711882913917,138.4217524730796,700.0458739408524,0.22254957910013815
LKDS-01267,28.667118829139184,228.31341913974626,678.5458739408524,0.11653526033592838
LKDS-01267,-84.88288117086083,151.58841913974626,647.0458739408524,0.14943934055466734
LKDS-01267,96.09836882913918,176.29109771117487,762.5458739408524,0.648344436343835
LKDS-01268,-44.08588117086082,-76.21458086025378,9.14587394085241,0.5060366333090526
LKDS-01268,-22.586735871715543,-104.46671761239051,-112.85412605914759,0.7074219541976778
LKDS-01269,-54.44416597500193,155.8712042281721,897.5458739408524,0.832950057973126
LKDS-01269,72.90600771802812,226.83286358419082,963.5458739408524,0.14118033201958685
LKDS-01270,71.81711882913915,105.35508580641293,1022.7458739408524,0.1645214746309075
LKDS-01270,-51.88288117086082,252.08841913974626,966.7458739408524,0.1294345715953173
LKDS-01270,93.83159694361724,220.33551509934225,965.2458739408524,0.7128523611919676
LKDS-01271,73.19072597199633,233.91431199688913,82.32587394085242,0.7465259390304415
LKDS-01271,-88.12088117086083,129.48841913974627,63.32587394085242,0.11342408799457479
LKDS-01271,-152.46463117086083,191.23216913974628,40.32587394085242,0.3768941187755859
LKDS-01271,59.38093306017765,193.5270867710521,-52.67412605914758,0.9636233075357074
LKDS-01272,-16.11404700502666,-101.22419857587144,-32.85412605914759,0.8123591764665241
LKDS-01273,136.52737523939558,120.91763159395869,963.3887310837097,0.12616634549373726
LKDS-01273,-115.38288117086083,197.08841913974626,862.7458739408524,0.27674711153539633
LKDS-01273,120.11711882913917,144.73841913974627,832.7458739408524,0.5932554659475812
LKDS-01273,-34.686452599432265,184.8800858064129,707.7458739408524,0.20922466542786308
LKDS-01277,45.86711882913918,199.08841913974626,394.74587394085245,0.11867417166844955
LKDS-01277,-96.38288117086083,155.58841913974626,447.24587394085245,0.41109121745459853
LKDS-01277,-92.17454783752748,92.04675247307956,518.7458739408524,0.4330600624221823
LKDS-01277,-116.36899228197196,197.08494691752392,521.7458739408524,0.4901938611166273
LKDS-01277,112.29211882913917,174.38980802863514,566.7458739408524,0.7275449061291014
LKDS-01277,100.51447177031567,211.8587786168704,578.2458739408524,0.19873778676621737
LKDS-01277,-111.54197207995173,105.81569186701897,555.7458739408524,0.11963983883260967
LKDS-01281,-122.9167859327656,-126.01691419358711,35.64587394085241,0.31116687247123276
LKDS-01281,-115.91877005974976,-152.9474697491426,15.14587394085241,0.1177882039858164
LKDS-01281,42.970118829139146,-166.05858086025378,-105.85412605914759,0.10951306618550703
LKDS-01281,-67.23914008213752,-118.97220118385259,-134.35412605914757,0.8196292212171616
LKDS-01281,-57.42988117086084,-78.19191419358707,-137.85412605914757,0.2286919217702344
LKDS-01281,29.093928352948694,-81.83635863803148,-142.85412605914757,0.24779783193857424
LKDS-01282,-129.714699352679,117.32781307914021,629.7458739408524,0.24560668763815646
LKDS-01282,-42.60510339308303,89.64397469530181,547.7458739408524,0.1528876229231485
LKDS-01282,-108.42454783752751,183.17175247307964,518.2458739408524,0.22539116307065835
LKDS-01282,-118.88288117086083,145.08841913974626,583.2458739408524,0.2979300716416632
LKDS-01282,-114.71621450419414,173.58841913974626,463.74587394085245,0.3951617184344195
LKDS-01282,-49.64359545657511,220.06341913974626,433.74587394085245,0.24717653117874544
LKDS-01282,44.11711882913918,203.96341913974626,416.24587394085245,0.24411424678240506
LKDS-01282,69.64211882913918,210.01341913974628,506.24587394085245,0.2007885590755206
LKDS-01283,-106.66529219749039,165.9180578917988,814.5458739408524,0.3030786902271968
LKDS-01283,-134.91413117086083,179.9857405683177,844.0458739408524,0.44771867068905913
LKDS-01283,-110.13288117086083,93.25508580641294,765.0458739408524,0.4085154995881778
LKDS-01283,-85.13288117086083,121.08841913974625,690.0458739408524,0.1159145208014311
LKDS-01283,-141.0462145041942,167.4117524730796,690.5458739408524,0.20493983880313854
LKDS-01283,-66.24002402800367,214.18841913974626,631.5458739408524,0.6781296091506808
LKDS-01283,-104.38288117086083,205.58841913974626,624.0458739408524,0.5048841584619478
LKDS-01283,-69.09121450419414,190.29675247307958,620.0458739408524,0.26739864371517585
LKDS-01284,84.46261676515573,75.90112553809506,-534.9541260591476,0.2475150830775428
LKDS-01284,73.76931697155402,225.89572564129426,-623.4541260591476,0.6730652409026949
LKDS-01284,66.89211882913918,217.91341913974625,-628.9541260591476,0.5165284117622437
LKDS-01284,95.37376370931345,154.34037992406,-634.9541260591476,0.8284321119947496
LKDS-01284,-57.069389107368764,225.96341913974626,-582.9541260591476,0.5716701968408222
LKDS-01289,68.16971019775477,196.29790798037536,850.4458739408524,0.532389408074809
LKDS-01289,65.11711882913917,103.08841913974625,795.9458739408524,0.1988162104392974
LKDS-01289,76.86711882913917,220.58841913974626,784.9458739408524,0.13278545697330715
LKDS-01292,46.84777359104393,174.05716913974626,-322.5541260591477,0.12454547208646835
LKDS-01292,80.11126888093406,180.1987157979949,-504.05412605914773,0.948412142584383
LKDS-01292,-39.462246250225924,185.7154032667304,-548.0541260591476,0.15362480561566966
LKDS-01292,-117.17573831371796,169.13841913974628,-378.55412605914773,0.1350449426297027
LKDS-01295,-120.49258979556946,-133.3925016061745,131.14587394085243,0.6409425361848469
LKDS-01295,-61.43407866612662,-154.82733052638983,-4.354126059147591,0.8067419221563401
LKDS-01297,-80.62647454154244,-184.21889972113146,234.32234452908776,0.2356470598674411
LKDS-01297,-39.242206099598164,-127.25370960707717,268.1458739408524,0.6513731735179751
LKDS-01297,-44.85316688514653,-138.06758086025374,264.1458739408524,0.18786907712833037
LKDS-01297,107.69202792004829,-137.92030813298098,258.1458739408524,0.7226519542167513
LKDS-01297,-58.22658327724515,-197.11796034349223,240.14587394085243,0.30058846999795186
LKDS-01297,68.57510819943019,-92.26507106556976,213.14587394085243,0.9259162767625446
LKDS-01297,-96.08660844358806,-129.4743990420719,163.14587394085243,0.727215560664395
LKDS-01297,44.4611188291392,-87.56758086025376,132.14587394085243,0.1700272730800769
LKDS-01297,74.9611188291392,-97.02142701409996,123.14587394085241,0.507947717166271
LKDS-01297,-15.38610339308306,-90.77035863803151,74.64587394085241,0.21390358264876025
LKDS-01297,34.728137939032685,-102.27826040704444,76.14587394085241,0.40671341358588087
LKDS-01297,-95.74140642338607,-137.52338894106185,199.64587394085243,0.41921461755831324
LKDS-01299,45.45711882913918,-201.57158086025376,-155.35412605914757,0.12163054632919826
LKDS-01299,-72.26486983667796,-116.23041923163835,-235.35412605914757,0.9296291825403697
LKDS-01299,-107.46954783752749,-119.24205705072998,-153.85412605914757,0.502579767561283
LKDS-01300,110.49211882913917,134.58841913974626,925.1458739408524,0.6604713920649484
LKDS-01300,-73.65731726108639,189.50398931518484,1003.1458739408524,0.2173344789839382
LKDS-01300,-88.69538117086083,109.27591913974625,938.1458739408524,0.2432845465570617
LKDS-01300,-80.46859545657512,109.94841913974625,919.6458739408524,0.6504342645966273
LKDS-01300,-111.90163117086082,121.95716913974626,989.1458739408524,0.19812160607674223
LKDS-01300,87.36711882913917,179.33841913974626,912.1458739408524,0.23811866373452165
LKDS-01300,97.81939155641183,185.04523732156446,904.6458739408524,0.2151807698152888
LKDS-01300,99.51873366167506,163.07655709827895,886.1458739408524,0.8378024853497673
LKDS-01300,-75.88288117086083,196.08841913974626,845.6458739408524,0.8628208329839768
LKDS-01300,-28.23555974228938,210.24466913974626,880.1458739408524,0.20724106982978796
LKDS-01300,77.31354740056774,184.21341913974626,873.1458739408524,0.25334659952884864
LKDS-01300,72.24211882913917,179.96341913974626,912.6458739408524,0.15459616636864956
LKDS-01302,-85.95941826759379,161.76775312062884,584.8658739408525,0.9616464996235166
LKDS-01302,32.13711882913919,209.58841913974626,456.86587394085245,0.1907300859007499
LKDS-01302,83.16349480938821,222.91242429733515,559.3658739408525,0.9454998662633958
LKDS-01302,86.75486194169838,186.92476795492811,520.3658739408525,0.6786204202867145
LKDS-01304,-86.36233519384932,215.38638198867895,885.7458739408524,0.33886007291375875
LKDS-01304,-47.362693488802286,97.25169145102541,741.2458739408524,0.9176898225045795
LKDS-01304,-51.38288117086082,80.58841913974625,730.2458739408524,0.4576497730841168
LKDS-01304,-59.28910254905716,89.69277079895565,727.7458739408524,0.7315907435844271
LKDS-01307,-103.38288117086083,140.58841913974626,681.3458739408525,0.17447184418456194
LKDS-01307,85.71235692437729,232.54080009212726,783.6315882265667,0.4316294668181003
LKDS-01307,-73.88288117086083,119.58841913974625,660.8458739408525,0.342190512553347
LKDS-01307,-76.88573882673174,182.11628302849815,637.8458739408525,0.5796216087768404
LKDS-01307,-44.04135260622521,145.30013248400172,682.1920277870063,0.3456947289138961
LKDS-01307,-79.9645828830139,175.48885374844386,659.8458739408525,0.7649087002439561
LKDS-01307,79.72822994025027,217.14397469530186,635.3458739408525,0.18873633883487134
LKDS-01310,-30.851631170860824,207.11966913974626,-446.25412605914755,0.39481334460078954
LKDS-01310,-83.02216688514652,215.51341913974628,-446.75412605914755,0.893671296427309
LKDS-01310,-36.67947211876994,227.92396588616106,-458.75412605914755,0.4830802280601456
LKDS-01310,117.51711882913925,160.7884191397463,-308.75412605914755,0.22701420913768422
LKDS-01312,94.73210692437725,182.94883580641292,66.68587394085242,0.43098098690939557
LKDS-01312,32.04311882913918,181.68841913974626,-35.81412605914758,0.32490953732599925
LKDS-01312,-113.69021450419415,127.15508580641288,139.18587394085245,0.6344805698159597
LKDS-01312,-23.906881170860814,177.83841913974626,-49.31412605914759,0.2267999451080473
LKDS-01314,40.3998688291392,45.232169139746254,267.82587394085243,0.22031972711913403
LKDS-01314,-93.42492892280171,121.15893625846286,262.82587394085243,0.9826065325634278
LKDS-01314,107.41445216247253,119.57175247307956,288.32587394085243,0.5938788676159178
LKDS-01316,39.37127468805446,167.29204667608224,-476.75412605914755,0.4773663869066299
LKDS-01316,-74.26547186616827,85.67091588407311,-390.25412605914755,0.5231125212937523
LKDS-01316,-83.69062280253539,201.61811302309866,-438.75412605914755,0.891886885685715
LKDS-01316,-73.18565067991838,173.2855079282397,-473.75412605914755,0.9426756789846482
LKDS-01317,-82.53654783752752,-103.16524752692037,242.64587394085243,0.20972434710097926
LKDS-01317,77.08182600695417,-162.2264475081207,25.14587394085241,0.9976502746903162
LKDS-01317,93.48011882913917,-152.54858086025368,14.64587394085241,0.4095875040256244
LKDS-01317,-92.51988117086083,-91.7985808602537,96.14587394085241,0.12579742595974885
LKDS-01319,-16.489957326208177,154.16968090902736,-645.8751786907266,0.17921373154354708
LKDS-01319,-74.56390681188647,157.1791883705155,-511.4541260591476,0.2964205459319812
LKDS-01319,84.81711815748909,204.58131751356316,-575.4541260591476,0.5278764572968014
LKDS-01319,-92.31313758111723,117.69816272948985,-493.4541260591476,0.7596733064018947
LKDS-01321,-53.08288117086081,33.08841913974626,226.14587394085243,0.22810000118496632
LKDS-01321,-95.51621450419415,-25.50046974914265,189.14587394085243,0.22634364829509734
LKDS-01321,-65.0025812931886,65.42547070154264,154.64587394085243,0.9612249888211418
LKDS-01321,-79.5828811708608,-9.911580860253745,108.64587394085241,0.19289995584437536
LKDS-01321,-84.21621450419414,15.771752473079562,105.64587394085241,0.2603497931465435
LKDS-01321,-117.98937467735432,14.981925633252775,92.14587394085241,0.6454397331241033
LKDS-01321,-77.6928811708608,6.045085806412903,98.14587394085241,0.18832118415384774
LKDS-01321,43.767468479488805,52.858524034851165,-24.85412605914759,0.13760806774728115
LKDS-01321,55.04211882913919,98.65091913974625,30.64587394085241,0.13989392753801116
LKDS-01321,40.64439155641188,83.70660095792806,21.14587394085241,0.1876129693186874
LKDS-01321,69.78425341024436,60.305381280333734,2.64587394085241,0.14056737202951594
LKDS-01321,-118.19232561530528,-2.0199141935870646,48.14587394085241,0.2051539588658275
LKDS-01323,-90.58416084257803,-145.63418313298098,136.3458739408524,0.7290169156819511
LKDS-01323,-68.06088117086082,-81.08958086025375,88.84587394085241,0.14880962120790564
LKDS-01323,-49.4775478375275,-73.38124752692043,92.34587394085241,0.20917820725494074
LKDS-01324,82.05511882913915,-58.28458086025373,-433.8541260591476,0.11037730559507293
LKDS-01325,-56.56987383947192,-123.07217595288074,177.14587394085243,0.8878380613754122
LKDS-01325,82.22234105136138,-98.30635863803155,148.14587394085243,0.2467622281922163
LKDS-01325,-45.49611259093046,-149.7374985283195,144.64587394085243,0.3577624210612571
LKDS-01325,-39.127453450933096,-85.64404986822272,133.14587394085243,0.4002660586333865
LKDS-01325,97.87726168628197,-131.6085808602537,185.14587394085243,0.7017750796904096
LKDS-01328,-101.01383355181325,233.62572072704785,414.0230167979953,0.21661115923490076
LKDS-01328,39.892138455280474,117.97075753510669,453.1658739408524,0.9701658378604314
LKDS-01328,81.80461882913914,177.56341913974632,431.6658739408524,0.14379247753371083
LKDS-01328,-67.41621450419416,225.82175247307958,372.6658739408524,0.365322881992982
LKDS-01329,44.11618958801598,93.18408340964325,163.64587394085243,0.28416785421271407
LKDS-01329,111.93378549580584,15.70508580641293,129.14587394085243,0.2563586190488532
LKDS-01329,-40.88288117086082,99.08841913974625,55.14587394085241,0.13764225225282328
LKDS-01329,-29.549547837527516,88.42175247307956,38.64587394085241,0.11528928270200858
LKDS-01331,-32.607641889715694,-117.46037367370089,31.29972009469857,0.27044815683331047
LKDS-01331,-51.064468812981325,-128.10434807969023,25.14587394085241,0.910540146022697
LKDS-01332,-49.49399228197192,-3.6338030824759446,150.14587394085243,0.14324263389540332
LKDS-01332,-94.10730081978718,-9.055848441226098,152.64587394085243,0.8536135511825411
LKDS-01332,-48.258436726416356,-47.822691971364875,145.14587394085243,0.41694987388749205
LKDS-01332,-71.76227511025476,14.363570654897746,129.14587394085243,0.21958751220470615
LKDS-01332,34.86711882913918,47.71341913974626,175.64587394085243,0.11420674192002365
LKDS-01332,-31.286055774035443,-14.720410225333138,126.64587394085241,0.41530073837074255
LKDS-01332,-105.71621450419414,19.255085806412886,124.64587394085241,0.19771619709630095
LKDS-01332,-33.03604962386222,17.324165867567267,76.45022176693936,0.8553160518967372
LKDS-01332,-64.34651753449718,-6.166126314799195,150.14587394085243,0.43601993998520194
LKDS-01332,-95.38288117086083,-19.411580860253743,109.64587394085241,0.20960698762502222
LKDS-01332,-18.86793864212521,48.43865860334784,90.64587394085241,0.7775679453111286
LKDS-01332,-73.5053170682967,29.499133425460542,113.14587394085241,0.8010042863319247
LKDS-01334,-97.52688117086083,-190.22224752692043,71.64587394085241,0.42122607956958424
LKDS-01334,110.47311882913917,-127.55558086025376,90.14587394085241,0.15608887694576665
LKDS-01334,-85.70630360028325,-109.88483493950781,-94.85412605914759,0.7057202349666021
LKDS-01335,-93.77177005974976,195.19953025085738,398.6458739408524,0.2766990807466966
LKDS-01335,-115.39045692843659,163.91291408924124,473.1458739408524,0.6671709309581182
LKDS-01335,-109.38288117086083,198.58841913974626,484.1458739408524,0.1383074678212333
LKDS-01335,-81.88288117086083,169.08841913974626,507.1458739408524,0.12077108886734284
LKDS-01335,-82.55430974228942,193.95508580641294,427.6458739408524,0.5635146621760324
LKDS-01339,85.2647854958058,-104.83058086025375,162.64587394085243,0.37065351784857725
LKDS-01339,60.34161466536175,-109.74976624115871,81.64587394085241,0.9873033851944666
LKDS-01340,90.13770901672933,-140.82755859059796,140.14587394085243,0.7995379988249735
LKDS-01340,56.28345216247249,-67.57858086025378,61.14587394085241,0.1853129447686932
LKDS-01340,56.77495846318928,-130.39333847106397,47.14587394085241,0.6956749184823627
LKDS-01340,-49.862153898133556,-108.48539904207193,23.14587394085241,0.14571315949790295
LKDS-01340,-12.33257347855314,-187.9385625452354,130.14587394085243,0.5556058510041828
LKDS-01343,-100.04621450419415,51.89270485403196,496.1458739408524,0.664814650074965
LKDS-01343,-88.14002402800368,32.48841913974627,513.6458739408524,0.17780943607343425
LKDS-01343,130.19666428368473,-15.693399042071924,498.6458739408524,0.35632028750875877
LKDS-01343,-94.23095809393774,-24.08465778333065,488.1458739408524,0.4010879719154631
LKDS-01343,-74.44954783752749,76.45508580641292,535.1458739408524,0.40028406089179336
LKDS-01343,-84.5828811708608,-21.411580860253743,451.6458739408524,0.2320193123631936
LKDS-01343,106.39211882913918,-0.7365808602537329,420.1458739408524,0.34746190604864835
LKDS-01343,-65.58288117086082,-2.6615808602537445,411.6458739408524,0.22241377736759801
LKDS-01343,101.19211882913919,48.36341913974627,354.1458739408524,0.507374499297466
LKDS-01343,-17.816214504194132,81.05508580641292,350.1458739408524,0.3575066053764616
LKDS-01343,125.91711882913917,-1.0782475269204015,480.1458739408524,0.1514893295182051
LKDS-01343,-7.082881170860811,68.08841913974625,345.1458739408524,0.5218284667097789
LKDS-01344,135.6021188291392,139.69341913974625,827.9458739408524,0.1243690378196851
LKDS-01344,75.83881386686583,154.30088914603408,725.3458739408521,0.36623084120253013
LKDS-01344,83.40378008455043,144.45246134753845,702.4458739408524,0.5830986705650815
LKDS-01344,95.41326474155609,131.75305722028688,693.0658739408524,0.9482370307607714
LKDS-01345,125.7236815997019,-216.20164146631438,311.6458739408524,0.17070164582596173
LKDS-01345,-71.57092890456344,-101.12160487750594,158.64587394085243,0.9174242242074604
LKDS-01345,-82.94688117086085,-98.62558086025375,172.14587394085243,0.3848476323832789
LKDS-01347,-83.65105577403541,191.18445088577795,470.6758739408524,0.8215513186881869
LKDS-01348,-52.731118454525415,-69.06382276386258,197.7292072741858,0.8335942451056435
LKDS-01348,-58.81988117086083,-169.59858086025375,176.64587394085243,0.15191297946505364
LKDS-01348,-63.95028410126375,-103.28042112144183,131.14587394085243,0.3162048517975471
LKDS-01348,-33.06988117086083,-100.92000943168232,115.64587394085241,0.1335015299979112
LKDS-01348,-83.74162787806105,-84.95730373448237,115.14587394085241,0.990002727233363
LKDS-01349,-101.51938910736875,152.02770485403198,-391.6541260591476,0.32260545332199286
LKDS-01349,-111.45302377335638,165.67696637682295,-346.6541260591474,0.561099041557636
LKDS-01349,-120.38288117086083,192.58841913974626,-392.1541260591476,0.1273969391868689
LKDS-01349,76.76000607156877,188.5013736316481,-452.1541260591476,0.8513032883965236
LKDS-01349,-57.509911085390726,109.9333977722249,-460.6541260591476,0.4194135093586242
LKDS-01349,-66.58598350299475,220.61170635629094,-477.6541260591476,0.8548401088082057
LKDS-01349,-62.38288117086082,167.58841913974626,-513.1541260591475,0.13083558973967316
LKDS-01349,-54.40273397514618,175.67676353469554,-507.68745939248083,0.6517719087233075
LKDS-01350,-112.13010339308305,222.9717524730796,845.3458739408525,0.5220139820274309
LKDS-01350,-108.66293144316917,183.03136879761527,746.3458739408525,0.8593140731814763
LKDS-01351,-56.3116311708608,126.49109771117483,41.25587394085241,0.38989257387617515
LKDS-01351,80.1071188291392,147.28841913974625,64.75587394085241,0.11400842655664632
LKDS-01351,-68.54913117086082,177.31966913974625,99.25587394085241,0.43315493138928496
LKDS-01351,-36.2901392431658,50.0606056957474,137.25587394085244,0.8464187142481336
LKDS-01351,83.07378549580584,174.68841913974626,76.75587394085241,0.28398315887284886
LKDS-01355,53.80236674772943,212.13905022372572,8.125873940852413,0.832270829932219
LKDS-01355,-59.25288117086083,231.1217524730796,55.12587394085241,0.1942339905786774
LKDS-01355,-125.81984545657511,189.5607405683177,108.62587394085241,0.2633983562121718
LKDS-01355,106.08184105136141,113.71203025085738,171.62587394085247,0.40727728677093267
LKDS-01360,-21.215199113547524,105.1643527418097,924.6458739408524,0.1498577264593636
LKDS-01360,-83.09414501497646,154.55342262678474,862.1458739408524,0.8046568390955456
